view	correct	correct_concern	correct_clean	complete_pairs	shuffled_correct	shuffled_complete_pairs
header-layer-00	28	13	15	2	22	1
header-layer-01	26	16	10	0	28	2
header-layer-02	25	13	12	0	28	2
header-layer-03	27	15	12	2	28	2
header-layer-04	27	14	13	1	26	1
header-layer-05	26	14	12	1	26	0
header-layer-06	28	14	14	3	27	1
header-layer-07	30	16	14	4	26	0
header-layer-08	26	13	13	0	26	0
header-layer-09	28	14	14	2	25	1
header-layer-10	27	12	15	1	25	2
header-layer-11	26	11	15	0	22	0
header-layer-12	27	14	13	1	26	0
header-layer-13	28	14	14	2	25	0
header-layer-14	27	14	13	1	26	0
header-layer-15	26	12	14	0	27	1
header-layer-16	27	12	15	1	28	2
header-layer-17	26	11	15	0	27	1
header-layer-18	27	12	15	1	27	1
header-layer-19	26	12	14	0	27	1
header-layer-20	28	13	15	2	27	1
header-layer-21	27	13	14	1	26	1
header-layer-22	27	13	14	1	25	0
header-layer-23	26	13	13	1	28	2
prefix-layer-00	27	15	12	2	27	2
prefix-layer-01	28	17	11	2	25	0
prefix-layer-02	26	16	10	1	26	1
prefix-layer-03	29	16	13	3	26	0
prefix-layer-04	25	12	13	0	26	0
prefix-layer-05	26	14	12	0	28	2
prefix-layer-06	27	14	13	1	29	3
prefix-layer-07	27	14	13	2	28	2
prefix-layer-08	28	15	13	2	26	0
prefix-layer-09	26	11	15	0	27	1
prefix-layer-10	27	15	12	1	28	2
prefix-layer-11	27	14	13	1	28	2
prefix-layer-12	26	14	12	0	28	2
prefix-layer-13	26	15	11	0	26	0
prefix-layer-14	26	13	13	0	26	0
prefix-layer-15	27	14	13	1	25	0
prefix-layer-16	26	11	15	1	26	1
prefix-layer-17	25	13	12	0	26	0
prefix-layer-18	26	14	12	1	25	0
prefix-layer-19	25	13	12	0	26	1
prefix-layer-20	27	15	12	1	25	0
prefix-layer-21	26	14	12	1	26	0
prefix-layer-22	28	15	13	2	26	0
prefix-layer-23	27	14	13	1	27	1
prefix-final-mlp-z	27	14	13	1	26	0
nuisance	26	12	14	1	29	3
